date,open,high,low,close,target,daily_return,sma_5,sma_20,ema_12,ema_26,rsi_14,volatility_5,momentum_5
2025-11-18,26021.8,26029.85,25876.5,25910.05,1,-0.0039748668477268,25917.7,25808.76,25807.13762103356,25662.340057247347,49.05687596927178,0.0041433419008154,215.09999999999852
2025-11-19,25918.1,26074.65,25856.2,26052.65,1,0.0055036559172985,25953.07,25819.235,25844.908756259167,25691.25190485865,49.95571302037201,0.0036773912648092,176.85000000000218
2025-11-20,26132.1,26246.65,26063.2,26192.15,0,0.0053545416685059,26015.67,25835.4125,25898.33048606545,25728.35546746172,61.43158507310693,0.003968148997023,313.0
2025-11-21,26109.55,26179.2,26052.2,26068.15,0,-0.0047342428933859,26047.29,25844.25,25924.4565651323,25753.52543283493,62.883949514129405,0.0051371299748853,158.10000000000218
2025-11-24,26122.8,26142.8,25912.15,25959.5,0,-0.0041679213906625,26036.5,25852.4675,25929.84786280425,25768.782808180487,56.9539476016592,0.0053322227566931,-53.95000000000073
2025-11-25,25998.5,26032.6,25857.5,25884.8,1,-0.0028775592750245,26031.45,25848.405,25922.91742237283,25777.37667424119,60.88225262439821,0.0051685702758473,-25.25
2025-11-26,25842.95,26215.15,25842.95,26205.3,1,0.0123817839040671,26061.98,25861.86,25966.36089585393,25809.07469837147,72.41123783748935,0.0074657290248663,152.64999999999782
2025-11-27,26261.25,26310.45,26141.9,26215.55,0,0.0003911422498501,26066.66,25869.9425,26004.697681107173,25839.183979973583,73.40993688299066,0.0070945268781883,23.399999999997817
2025-11-28,26237.45,26280.75,26172.4,26202.95,0,-0.0004806307706685,26093.62,25886.1975,26035.198037859915,25866.12961108665,71.30414153053614,0.0065923947471363,134.79999999999927
2025-12-01,26325.8,26325.8,26124.2,26175.75,0,-0.0010380510591364,26136.87,25908.88,26056.82141665069,25889.06445470986,67.3963383747014,0.0061036197814222,216.25
2025-12-02,26087.95,26154.6,25997.85,26032.2,0,-0.0054840835506145,26166.35,25922.3225,26053.033506396743,25899.667087694317,55.81585601665925,0.0066743228526464,147.40000000000146
2025-12-03,26004.9,26066.45,25891.0,25986.0,1,-0.0017747251480858,26122.49,25941.74,26042.720659258783,25906.062118235477,53.85058921042193,0.0022704736537719,-219.29999999999927
2025-12-04,25981.85,26098.25,25938.95,26033.75,1,0.0018375278996383,26086.13,25967.9425,26041.340557834355,25915.520479847663,54.404329559211,0.0026588188263017,-181.79999999999927
2025-12-05,25999.8,26202.6,25985.35,26186.45,0,0.0058654631007826,26082.83,26002.65,26063.6650873983,25935.58933319228,55.95074298293888,0.0042429942814928,-16.5
2025-12-08,26159.8,26178.7,25892.25,25960.55,0,-0.00862659887079,26039.79,26021.96,26047.801227798565,25937.438271474333,51.60205570712518,0.0057452764904205,-215.20000000000076
2025-12-09,25867.1,25923.65,25728.0,25839.65,0,-0.0046570662023723,26001.28,26029.195,26015.777961983404,25930.19469580957,43.14848172928462,0.0056172927124879,-192.54999999999927
2025-12-10,25864.05,25947.65,25734.55,25758.0,1,-0.0031598725214931,25955.68,26023.305,25976.119813985955,25917.43953315701,35.49497176840063,0.0056699207061975,-228.0
2025-12-11,25771.4,25922.8,25693.25,25898.55,1,0.0054565571861169,25928.64,26024.275,25964.18599644965,25916.040308478718,44.39561165818512,0.0064230630124605,-135.20000000000073
2025-12-12,25971.2,26057.6,25938.45,26046.95,0,0.005730050524064,25900.74,26031.120000000003,25976.918920072785,25925.73732266548,52.815790321022654,0.0063869339478053,-139.5
2025-12-15,25930.05,26047.15,25904.75,26027.3,0,-0.0007544069459188,25914.09,26031.8125,25984.6698554462,25933.26048394952,54.75697689945252,0.0048342984504247,66.75
2025-12-16,25951.5,25980.75,25834.35,25860.1,0,-0.0064240240055634,25918.18,26029.315,25965.505262300638,25927.841188842147,37.16251394570472,0.005345221696387,20.44999999999709
2025-12-17,25902.4,25929.15,25770.35,25818.55,0,-0.0016067223251263,25930.29,26017.61,25942.896760408228,25919.74554522421,35.572030818432935,0.00514472714409,60.54999999999927
2025-12-18,25764.7,25902.35,25726.3,25815.55,1,-0.0001161955260848,25913.69,25998.78,25923.304951114653,25912.027356689083,35.821987995901026,0.0043374625286093,-83.0
2025-12-19,25911.5,25993.35,25880.45,25966.4,1,0.0058433773442752,25897.58,25993.6925,25929.934958635477,25916.0549598973,42.97412491190397,0.0043791292854268,-80.54999999999927
2025-12-22,26055.85,26180.7,26047.8,26172.4,1,0.0079333292254606,25926.6,26004.3375,25967.237272691556,25935.04348138639,54.51587966243639,0.0058010142151365,145.10000000000218
2025-12-23,26205.2,26233.55,26119.05,26177.15,0,0.0001814888967004,25990.01,26018.955,25999.531538431314,25952.97729757999,56.325909256378885,0.0041764328072163,317.0500000000029
2025-12-24,26170.65,26236.4,26123.0,26142.1,0,-0.0013389540114184,26054.72,26015.795,26021.465147903426,25966.98638664814,53.61612655608577,0.0041126869973148,323.5499999999993
2025-12-26,26121.25,26144.2,26008.6,26042.3,0,-0.0038175969030797,26100.07,26007.1325,26024.670509764437,25972.56517282235,45.01297353399063,0.0049494637134269,226.75
2025-12-29,26063.35,26106.8,25920.3,25942.1,0,-0.0038475864266981,26095.21,25994.09,26011.967354416058,25970.30849335403,49.30089803342046,0.0048472476302152,-24.30000000000291
2025-12-30,25940.9,25976.75,25878.0,25938.85,1,-0.0001252789866664,26048.5,25982.245,26000.71853065974,25967.978234587063,54.12679923454515,0.0019497639120839,-233.5500000000029
